"","n_2019","n_2014","k","T2","F_st","p_value"
"1",96,133,5,687.159167797475,135.020748760206,1.4919377506566e-65
